"gauge_id","gauge_name"
"PT000001","Abelheira Canal (Regime Especial) — Ribeiro das Cavadas ou de Abelheira"
"PT000002","Agroal — River Nabão (Agroal — Rio Nabão)"
"PT000003","Aguieira (Regime Especial) — Rio Mondego"
"PT000004","Albernoa — River Cobres or Stream of Terges (Albernoa — Rio Cobres ou Ribeira de Terges)"
"PT000005","Almaça — Ribeira de Mortagua ou de Cristina ou da Foz ou de Moinhos ou do Lagoeiro ou Ribeiro do Carvalhal ou de Paredes"
"PT000006","Almourol — River Tejo (Almourol — Rio Tejo)"
"PT000007","Almourão — Rio Ocreza"
"PT000008","Almádena — Ribeira de Almadena"
"PT000009","Cávado Upper Diversion (Special-Regime Station) — River Cávado (Alto Cávado Derivação (Regime Especial) — Rio Cávado)"
"PT000010","Cávado Upper Total (Special-Regime Station) — River Cávado (Alto Cávado Total (Regime Especial) — Rio Cávado)"
"PT000011","Amaro Gonçalves — Ribeira dos Mosqueiros"
"PT000012","Ameijoeira — Rio Castro Laboreiro"
"PT000013","Amieira — River Degebe (Amieira — Rio Degebe)"
"PT000014","Ardila (River Mouth) — River Ardila (Ardila (River Mouth) — Rio Ardila)"
"PT000015","Arrochela — Rio Arade"
"PT000016","Aspra — Rio Âncora"
"PT000017","Atalisca — Stream of Beliche (Atalisca — Ribeira de Beliche)"
"PT000018","Azibo (Special-Regime Station) — River Azibo (Azibo (Regime Especial) — Rio Azibo)"
"PT000019","Açude de Tougues — Rio Ave"
"PT000020","Açude do Arrabalde — Rio Lis"
"PT000021","Balsa — Rio Ferreira"
"PT000022","Barcelos — River Cávado (Barcelos — Rio Cávado)"
"PT000023","Barragem do Lindoso — Rio Lima"
"PT000024","Barão de São João — Ribeira de Almadena"
"PT000025","Beliche (Povoação) — Ribeira de Beliche"
"PT000026","Bensafrim — Stream of Bensafrim (Bensafrim — Ribeira de Bensafrim)"
"PT000027","Bodega — Stream of Alportel (Bodega — Ribeira de Alportel)"
"PT000028","Boticas (Special-Regime Station) — River Terva (Boticas (Regime Especial) — Rio Terva)"
"PT000029","Bravura — Ribeiro de Odeáxere"
"PT000030","Torres Novas — Rio Almonda"
"PT000031","Cabeção — Ribeira da Raia ou de Seda"
"PT000032","Cabreira Derivação (Special-Regime Station) — River Saltadouro or da Cabreira (Cabreira Derivação (Regime Especial) — Rio Saltadouro ou da Cabreira)"
"PT000033","Cabreira Total (Special-Regime Station) — River Saltadouro or da Cabreira (Cabreira Total (Regime Especial) — Rio Saltadouro ou da Cabreira)"
"PT000034","Cabria (Special-Regime Station) — River Vouga (Cabria (Regime Especial) — Rio Vouga)"
"PT000035","Cabriz (Special-Regime Station) — Stream of Sampaio (Cabriz (Regime Especial) — Ribeira de Sampaio)"
"PT000036","Cabrum (Special-Regime Station) — River Douro (Cabrum (Regime Especial) — Rio Douro)"
"PT000037","Caldas de São Gemil — Rio Dão"
"PT000038","Caldeirão (Special-Regime Station) — Stream of the Caldeirão (Caldeirão (Regime Especial) — Ribeira do Caldeirão)"
"PT000039","Calha do Grou — Ribeira da Calha do Grou"
"PT000040","Casa Queimada — Rio Arade"
"PT000041","Castanheiro — Rio Tua"
"PT000042","Castanheiro (Special-Regime Station) — River Tua (Castanheiro (Regime Especial) — Rio Tua)"
"PT000043","Castelo Bom (Special-Regime Station) — River Côa (Castelo Bom (Regime Especial) — Rio Côa)"
"PT000044","Castro Daire (Special-Regime Station) — River Paiva (Castro Daire (Regime Especial) — Rio Paiva)"
"PT000045","Celorico da Beira — Stream of the Tamanhos (Celorico da Beira — Ribeira dos Tamanhos)"
"PT000046","Cerca dos Pomares — Stream of Aljezur or da Cerca or de Chilrão (Cerca dos Pomares — Ribeira de Aljezur ou da Cerca ou de Chilrão)"
"PT000047","Cidadelhe (Special-Regime Station) — River Côa (Cidadelhe (Regime Especial) — Rio Côa)"
"PT000048","Coiro da Burra — River Seco (Coiro da Burra — Rio Seco)"
"PT000049","Colares — Ribeira de Colares"
"PT000050","Cotovio — Ribeira da Quarteira ou de Alte"
"PT000051","Couto de Andreiros — Stream of the Raia or de Seda (Couto de Andreiros — Ribeira da Raia ou de Seda)"
"PT000052","Covas (Special-Regime Station) — River Homem (Covas (Regime Especial) — Rio Homem)"
"PT000053","Cunhas (Special-Regime Station) — River Beça (Cunhas (Regime Especial) — Rio Beça)"
"PT000054","Curalha (Special-Regime Station) — River Tâmega (Curalha (Regime Especial) — Rio Tâmega)"
"PT000055","Curral de Boieiros — Stream of Almargem (Curral de Boieiros — Ribeira de Almargem)"
"PT000056","Entradas — River Cobres or Stream of Terges (Entradas — Rio Cobres ou Ribeira de Terges)"
"PT000057","Ermida Corgo (Special-Regime Station) — River Corgo (Ermida Corgo (Regime Especial) — Rio Corgo)"
"PT000058","Escalhão — Rio Águeda"
"PT000059","Escalhão (Special-Regime Station) — River Águeda (Escalhão (Regime Especial) — Rio Águeda)"
"PT000060","Escarigo Tourões (Regime Especial) — Ribeira de Tourões"
"PT000061","Espartosa — Ribeira do Arroio da Pernada do Marco (Esteiro Novo)"
"PT000062","Estação Agronómica Nacional — Ribeira da Laje"
"PT000063","Ferreirós (Regime Especial) — Rio Dão"
"PT000064","Fervença — Rio Alcobaça"
"PT000065","Fervença (Leça) — Rio Leça"
"PT000066","Figueira e Barros — Ribeira Grande ou de Aviz"
"PT000067","Flor da Rosa — Ribeira do Xarrama"
"PT000068","Forjães — River Neiva (Forjães — Rio Neiva)"
"PT000069","Forno da Cal — Rio Lima"
"PT000070","Mouth of the Cobrão (Special-Regime Station) — River Ocreza (Foz do Cobrão (Regime Especial) — Rio Ocreza)"
"PT000071","Mouth of the Mouro — River Minho (Foz do Mouro — Rio Minho)"
"PT000072","Mouth of the Mouro (Special-Regime Station) — River Minho (Foz do Mouro (Regime Especial) — Rio Minho)"
"PT000073","Mouth of the Ribeiro — River Arade (Foz do Ribeiro — Rio Arade)"
"PT000074","Foz do Sousa — Rio Sousa"
"PT000075","Fragas da Torre — Rio Paiva"
"PT000076","Fragas da Torre (Special-Regime Station) — River Paiva (Fragas da Torre (Regime Especial) — Rio Paiva)"
"PT000077","Fridão (Special-Regime Station) — River Tâmega (Fridão (Regime Especial) — Rio Tâmega)"
"PT000078","Fronhas (Special-Regime Station) — River Alva or Stream of the Fervença (Fronhas (Regime Especial) — Rio Alva ou Ribeira da Fervença)"
"PT000079","Matrena Factory — River Nabão (Fábrica da Matrena — Rio Nabão)"
"PT000080","Fábrica do Boque (Serpins) — Rio Ceira"
"PT000081","Gaeiras (Regime Especial) — Rio Arnoia"
"PT000082","Garfe — River Ave (Garfe — Rio Ave)"
"PT000083","Gimonde (Special-Regime Station) — River Sabor (Gimonde (Regime Especial) — Rio Sabor)"
"PT000084","Herdade de Pancas — Ribeira de São Martinho"
"PT000085","Junção das Ribeiras (Antiga Quinta do Pisão) — Ribeira das Vinhas"
"PT000086","Lageosa do Mondego — Ribeira da Cabeca Alta"
"PT000087","Laranjeiras — Ribeiro da Fonte do Bispo"
"PT000088","Laveiras — Ribeira da Barcarena ou dos Ossos"
"PT000089","Limas — Stream Limas (Limas — Ribeira Limas)"
"PT000090","Louçainha — Stream of the Azenha or Rio Cabras or Simonte (Louçainha — Ribeira da Azenha ou Rio Cabras ou Simonte)"
"PT000091","Lustosa da Ribafeita — Rio Vouga"
"PT000092","Luz Tavira — Ribeira da Luz"
"PT000093","Manteigas (Special-Regime Station) — River Zêzere (Manteigas (Regime Especial) — Rio Zêzere)"
"PT000094","Mercês — Ribeira da Laje"
"PT000095","Gamitinha Mill — River Sado (Moinho da Gamitinha — Rio Sado)"
"PT000096","Ponte Nova (Special-Regime Station) Mill — River Távora (Moinho da Ponte Nova (Regime Especial) — Rio Távora)"
"PT000097","Moinho do Bravo — Ribeira de Corona"
"PT000098","New Mill — River Sôr (Moinho Novo — Rio Sôr)"
"PT000099","Pepim Mills — Stream of Coja (Moinhos de Pepim — Ribeira de Coja)"
"PT000100","Monforte — Stream Grande or de Aviz (Monforte — Ribeira Grande ou de Aviz)"
"PT000101","Monte da Arregota — Ribeira da Lapa ou Barranco do Louredo"
"PT000102","Ponte Hill — River Cobres or Stream of Terges (Monte da Ponte — Rio Cobres ou Ribeira de Terges)"
"PT000103","Vinha Hill — River Guadiana (Monte da Vinha — Rio Guadiana)"
"PT000104","Fortes Hill — Stream of Odeleite (Monte dos Fortes — Ribeira de Odeleite)"
"PT000105","Pachecos Hill — Stream of Odelouca (Monte dos Pachecos — Ribeira de Odelouca)"
"PT000106","Pisão Hill — River Caia (Monte Pisão — Rio Caia)"
"PT000107","Monte Real — Rio Lis"
"PT000108","Murça (Special-Regime Station) — River Tinhela (Murça (Regime Especial) — Rio Tinhela)"
"PT000109","Nelas (Special-Regime Station) — River Mondego (Nelas (Regime Especial) — Rio Mondego)"
"PT000110","Odeceixe — Ribeira de Seixe"
"PT000111","Odeleite (Ponte) — Ribeira de Odeleite"
"PT000112","Odeáxere (Gordeiro) — Stream of Odeáxere (Odeáxere (Gordeiro) — Ribeiro de Odeáxere)"
"PT000113","Odivelas — Ribeira de Odivelas"
"PT000114","Oeiras — Stream of Oeiras (Oeiras — Ribeira de Oeiras)"
"PT000115","Paderne — Ribeira da Quarteira ou de Alte"
"PT000116","Padim da Graça — Rio Cávado"
"PT000117","Pai Diz (Special-Regime Station) — River Mondego (Pai Diz (Regime Especial) — Rio Mondego)"
"PT000118","Parada Monteiros (Regime Especial) — Rio Tâmega"
"PT000119","Pavia — Stream of Tera (Pavia — Ribeira de Tera)"
"PT000120","Pedre Ribeiradio — Rio Vouga"
"PT000121","Pego das Carretas — Rio Mira"
"PT000122","Penedos de Alenquer — Rio Alenquer"
"PT000123","Pereiras — Rio Leça"
"PT000124","Pernes Canal — Rio Alviela"
"PT000125","Pocinho — Rio Douro"
"PT000126","Ponte Aiana — Ribeira de Aiana ou do Caixeiro ou do Carvalho"
"PT000127","Ponte Alenquer — Rio Alenquer"
"PT000128","Algalé Bridge — Stream of Algalé (Ponte Algalé — Ribeira de Algalé)"
"PT000129","Alvalade Campilhas Bridge — Stream of Campilhas (Ponte Alvalade Campilhas — Ribeira de Campilhas)"
"PT000130","Alvalade Sado Bridge — River Sado (Ponte Alvalade Sado — Rio Sado)"
"PT000131","Ponte Apostiça — Ribeira da Apostiça ou da Brava ou Lagoa da Albufeira"
"PT000132","Ponte Arrancada — Rio Marnel"
"PT000133","Ave Bridge — River Ave (Ponte Ave — Rio Ave)"
"PT000134","Azenha Nova Bridge — River Foja (Ponte Azenha Nova — Rio Foja)"
"PT000135","Ponte Barbancho — Ribeira das Alcobertas ou Fráguas"
"PT000136","Ponte Barnabé — Rio Alenquer"
"PT000137","Ponte Brandão — Rio Selho"
"PT000138","Ponte Brotas — Rio Divôr"
"PT000139","Cabouco Bridge — River Ceira (Ponte Cabouco — Rio Ceira)"
"PT000140","Ponte Canas — Rio Trancão"
"PT000141","Ponte Canavezes (Regime Especial) — Rio Tâmega"
"PT000142","Ponte Canha — Rio Almansor ou Ribeira de Santo Estevão ou de Canha"
"PT000143","Casal da Rola Bridge — River Pranto or Stream of Carnide (Ponte Casal da Rola — Rio Pranto ou Ribeira de Carnide)"
"PT000144","Castrelos Bridge — River Baceiro (Ponte Castrelos — Rio Baceiro)"
"PT000145","Ponte Casével — Vala da Granja ou Rio Ega ou Rio de Mouros ou Ribeira de Caraglio Seco"
"PT000146","Cavez (Special-Regime Station) Bridge — River Tâmega (Ponte Cavez (Regime Especial) — Rio Tâmega)"
"PT000147","Ponte Coja — Rio Alva ou Ribeira da Fervença"
"PT000148","Ponte Conraria — Rio Ceira"
"PT000149","Ponte Coruche — Rio Sorraia"
"PT000150","Ponte Couraça — Rio Grande da Pipa"
"PT000151","da Barca Bridge — River Lima (Ponte da Barca — Rio Lima)"
"PT000152","Ponte da Salgada — Ribeira da Salgada"
"PT000153","Ponte da Torre — Ribeira da Torre ou Barranco da Lagoa Garcia"
"PT000154","Ponte de Lima — Rio Lima"
"PT000155","Ponte Dinha — Rio Dinha"
"PT000156","Dobreira Bridge — River Sul or Torto or Stream of Alvandeira (Ponte Dobreira — Rio Sul ou Torto ou Ribeira de Alvandeira)"
"PT000157","Ponte Estrada Nacional 125 — Ribeira de Arroio"
"PT000158","Ponte Ermelo — Rio Olo"
"PT000159","Ponte Erra — Vala de Erra"
"PT000160","Faia Bridge — River Mondego (Ponte Faia — Rio Mondego)"
"PT000161","Figueira (Special-Regime Station) Bridge — Stream of the Cabras (Ponte Figueira (Regime Especial) — Ribeira das Cabras)"
"PT000162","Ponte Freiria — Rio Maior"
"PT000163","Ponte Guide — Rio do Macedo ou Zoio"
"PT000164","Ponte Góis — Rio Ceira"
"PT000165","Juncais Bridge — River Mondego (Ponte Juncais — Rio Mondego)"
"PT000166","Junqueira Bridge — River Este (Ponte Junqueira — Rio Este)"
"PT000167","Ponte Lido (Amadora) — Ribeira de Carenque"
"PT000168","Lilela Bridge — Stream of Lila (Ponte Lilela — Ribeira de Lila)"
"PT000169","Mesquita Bridge — Stream of Alcantarilha or Ravine of the Ribeiro Meirinho (Ponte Mesquita — Ribeira de Alcantarilha ou Barranco do Ribeiro Meirinho)"
"PT000170","Mestras Bridge — River Lena (Ponte Mestras — Rio Lena)"
"PT000171","Ponte Minhoteira — Rio Antuã"
"PT000172","Ponte Miraflores — Ribeira de Algés"
"PT000173","Ponte Miserela — Rio Mondego"
"PT000174","Mocate Bridge — River Arunca (Ponte Mocate — Rio Arunca)"
"PT000175","Mourão Bridge — River Guadiana (Ponte Mourão — Rio Guadiana)"
"PT000176","Mucela Bridge — River Alva or Stream of the Fervença (Ponte Mucela — Rio Alva ou Ribeira da Fervença)"
"PT000177","Ponte Nova — Rio Almonda"
"PT000178","Ota Bridge — Stream of the Ota (Ponte Ota — Ribeira da Ota)"
"PT000179","Panasco Bridge — Stream of Nisa (Ponte Panasco — Ribeira de Nisa)"
"PT000180","Ponte Pedra — Rio Tuela"
"PT000181","Pereiro Bridge — Stream of Aljezur or da Cerca or de Chilrão (Ponte Pereiro — Ribeira de Aljezur ou da Cerca ou de Chilrão)"
"PT000182","Pinelo (Special-Regime Station) Bridge — Stream of the Rio de Macas (Ponte Pinelo (Regime Especial) — Ribeira do Rio de Macas)"
"PT000183","Ponte Pinhal — Ribeira de Loures"
"PT000184","Pisão Bridge — Stream of the Vinhas (Ponte Pisão — Ribeira das Vinhas)"
"PT000185","Pomar Bridge — Stream of the Marateca or Labula or Safira (Ponte Pomar — Ribeira da Marateca ou Labula ou Safira)"
"PT000186","Pouves Bridge — River Sul or Torto or Stream of Alvandeira (Ponte Pouves — Rio Sul ou Torto ou Ribeira de Alvandeira)"
"PT000187","Prime Bridge — Stream of Satão (Ponte Prime — Ribeira de Satão)"
"PT000188","Ponte Quinta Loureira — Ribeira de Anca ou de Outil"
"PT000189","Ponte Quintos — Rio Guadiana"
"PT000190","Ponte Rabal (Oleirinhos) — Rio Sabor"
"PT000191","Redonda Bridge — River Águeda (Ponte Redonda — Rio Águeda)"
"PT000192","Remondes (Special-Regime Station) Bridge — River Sabor (Ponte Remondes (Regime Especial) — Rio Sabor)"
"PT000193","Ponte Requeixo (Cértima e Águeda) — Rio Águeda"
"PT000194","Ponte Resinga — Ribeira da Povoa"
"PT000195","Ponte Ribeira do Rio Seco — Ribeira do Rio Seco"
"PT000196","Ribeira Pernes Bridge — River Alviela (Ponte Ribeira Pernes — Rio Alviela)"
"PT000197","Rodoviária Bridge — Stream of the Quarteira or de Alte (Ponte Rodoviária — Ribeira da Quarteira ou de Alte)"
"PT000198","Ponte Ródão — Ribeira da Malga"
"PT000199","Ponte Santa Clara Coimbra — Rio Mondego"
"PT000200","Ponte Santa Clara Dão — Rio Dão"
"PT000201","Ponte Santo Estevão — Rio Almansor ou Ribeira de Santo Estevão ou de Canha"
"PT000202","São Domingos Bridge — Stream of São Domingos (Ponte São Domingos — Ribeira de São Domingos)"
"PT000203","Ponte Tábua — Rio Mondego"
"PT000204","Vale Joana Bridge — Stream of Grândola (Ponte Vale Joana — Ribeira de Grândola)"
"PT000205","Vale Maior Bridge — River Caima (Ponte Vale Maior — Rio Caima)"
"PT000206","Ponte Vale Telhas — Rio Rabaçal"
"PT000207","Ponte Velha Capitão — Ribeira de Rabo de Burro ou de Zacarias"
"PT000208","Vila Formosa Bridge — Stream of the Raia or de Seda (Ponte Vila Formosa — Ribeira da Raia ou de Seda)"
"PT000209","Ponte Vilar (Regime Especial) — Ribeira de Carvalhais"
"PT000210","Vouzela Bridge — River Vouga (Ponte Vouzela — Rio Vouga)"
"PT000211","Águeda Bridge — River Águeda (Ponte Águeda — Rio Águeda)"
"PT000212","Óbidos Bridge — River Arnoia (Ponte Óbidos — Rio Arnoia)"
"PT000213","Pontilhão de Celeiros — Rio Vez"
"PT000214","Pontão de Avelal — Rio Zela"
"PT000215","Portelas (Bensafrim) — Ribeira de Bensafrim"
"PT000216","Portelas (Vala) — Barranco das Valas"
"PT000217","Portuzelo — Ribeira de Porico"
"PT000218","Pulo do Lobo — River Guadiana (Pulo do Lobo — Rio Guadiana)"
"PT000219","Purgatório — Ribeira da Quarteira ou de Alte"
"PT000220","Querença — Ribeira de Algibre ou das Mercês"
"PT000221","Carvalhal do Freixo Estate — Stream of Mortagua or de Cristina or da Foz or de Moinhos or do Lagoeiro or Ribeiro do Carvalhal or de Paredes (Quinta Carvalhal do Freixo — Ribeira de Mortagua ou de Cristina ou da Foz ou de Moinhos ou do Lagoeiro ou Ribeiro do Carvalhal ou de Paredes)"
"PT000222","Castelo Borges Estate — River Tedo (Quinta Castelo Borges — Rio Tedo)"
"PT000223","Quinta das Camilas — Ribeira de Caparide"
"PT000224","Quinta das Gregossas — Ribeira da Meia Legua"
"PT000225","Laranjeiras (Special-Regime Station) Estate — River Sabor (Quinta das Laranjeiras (Regime Especial) — Rio Sabor)"
"PT000226","Quinta do Freixo — Ribeira da Quinta do Freixo"
"PT000227","Quinta Passagem — Ribeira dos Moinhos ou da Fonte Menavel"
"PT000228","Rape (Special-Regime Station) Estate — River Távora (Quinta Rape (Regime Especial) — Rio Távora)"
"PT000229","Rabaçal (Special-Regime Station) — River Lima (Rabaçal (Regime Especial) — Rio Lima)"
"PT000230","Rasa — Ribeira das Reveladas"
"PT000231","Real — Rio Torto"
"PT000232","Rebordelo (Special-Regime Station) — River Rabaçal (Rebordelo (Regime Especial) — Rio Rabaçal)"
"PT000233","Ribafeita (Regime Especial) — Rio Vouga"
"PT000234","Ribeirada — River Vouga (Ribeirada — Rio Vouga)"
"PT000235","Ribeiro — River Alfusqueiro (Ribeiro — Rio Alfusqueiro)"
"PT000236","Rio Maior (Regime Especial) — Rio Maior"
"PT000237","Rio Mau (Regime Especial) — Rio Douro"
"PT000238","Rio Seco — Ribeira do Rio Seco"
"PT000239","Rocha da Galé (Special-Regime Station) — River Guadiana (Rocha da Galé (Regime Especial) — Rio Guadiana)"
"PT000240","Rotunda A2 — Ribeira de Alcantarilha ou Barranco do Ribeiro Meirinho"
"PT000241","Régua (Regime Especial) — Rio Douro"
"PT000242","Santa Justa — Ribeira de Santa Justa"
"PT000243","Saint Martha of Alvão (Special-Regime Station) — River Louredo (Santa Marta do Alvão (Regime Especial) — Rio Louredo)"
"PT000244","Sapeira — Ribeira de Odelouca"
"PT000245","Sargaçal — Ribeiro do Vale Grande"
"PT000246","Sarzedinho — River Torto (Sarzedinho — Rio Torto)"
"PT000247","Secarias (Special-Regime Station) — River Alva or Stream of the Fervença (Secarias (Regime Especial) — Rio Alva ou Ribeira da Fervença)"
"PT000248","Segura (Special-Regime Station) — River Erges (Segura (Regime Especial) — Rio Erges)"
"PT000249","Sendim (Regime Especial) — Rio Douro"
"PT000250","Senhora da Rocha — Rio Jamor"
"PT000251","Senhora da Rosa — Ribeira da Vilariça"
"PT000252","Senhora Verde — Ribeira da Torre ou Barranco da Lagoa Garcia"
"PT000253","Sobral (Special-Regime Station) — River Dão (Sobral (Regime Especial) — Rio Dão)"
"PT000254","Sobrosa — Ribeira da Sobrosa"
"PT000255","São Domingos (Algalé) — Ribeira de Algalé"
"PT000256","Sítio Igreja — Ribeira de São Lourenco ou Goldra"
"PT000257","Tenência (Porto das Areias) — Stream of the Foupana (Tenência (Porto das Areias) — Ribeira da Foupana)"
"PT000258","Tibo da Gavieira — Rio da Peneda"
"PT000259","Toco Derivação (Regime Especial) — Rio de Fafião ou de Toco"
"PT000260","Toco Total (Regime Especial) — Rio de Fafião ou de Toco"
"PT000261","Torres do Mondego — Rio Mondego"
"PT000262","Torrão do Alentejo — Stream of the Xarrama (Torrão do Alentejo — Ribeira do Xarrama)"
"PT000263","Tramagal — River Tejo (Tramagal — Rio Tejo)"
"PT000264","Vale da Ursa — Ribeira da Ursa"
"PT000265","Vale Giestoso (Special-Regime Station) — River Beça (Vale Giestoso (Regime Especial) — Rio Beça)"
"PT000266","Vale Mendiz — River Pinhão (Vale Mendiz — Rio Pinhão)"
"PT000267","Vale Trevo (Special-Regime Station) — Stream of Massueime (Vale Trevo (Regime Especial) — Ribeira de Massueime)"
"PT000268","Vascão — Stream of the Vascão (Vascão — Ribeira do Vascão)"
"PT000269","Vendinha — River Degebe (Vendinha — Rio Degebe)"
"PT000270","Videmonte (Special-Regime Station) — River Mondego (Videmonte (Regime Especial) — Rio Mondego)"
"PT000271","Vidigal — Stream of the Farelo (Vidigal — Ribeira do Farelo)"
"PT000272","Vila Cova do Covelo — Rio Dão"
"PT000273","Vila Franca da Serra — Stream of Linhares (Vila Franca da Serra — Ribeira de Linhares)"
"PT000274","New Town of Monsarros — Stream of the Serra or do Salgueiral (Vila Nova de Monsarros — Ribeira da Serra ou do Salgueiral)"
"PT000275","Vila Velha de Rodão — Rio Tejo"
"PT000276","Vilar — Rio Távora"
"PT000277","Vinhais Quinta Ranca (Special-Regime Station) — River Tuela (Vinhais Quinta Ranca (Regime Especial) — Rio Tuela)"
"PT000278","Várzeas — Barranco do Monte dos Lagartos"
"PT000279","Óbidos — Rio Arnoia"
"PT000280","Ómnias (Santarém) — River Tejo (Ómnias (Santarém) — Rio Tejo)"
