"gauge_id","gauge_name","gauge_elev","source"
"1080","ANDOAIN","38","CEDEX ROEA 2020-2021"
"1103","ALZOLA","44","CEDEX ROEA 2020-2021"
"1105","EREÑOZU","28","CEDEX ROEA 2020-2021"
"1106","ENDARLAZA","18","CEDEX ROEA 2020-2021"
"1109","ECHABE","19","CEDEX ROEA 2020-2021"
"1163","LEMONA (IBAIZABAL)","69","CEDEX ROEA 2020-2021"
"1265","OJEDO","282","CEDEX ROEA 2020-2021"
"1268","PUENTELLES","56","CEDEX ROEA 2020-2021"
"1295","CANGAS DE ONIS","58","CEDEX ROEA 2020-2021"
"1302","OZANES","33","CEDEX ROEA 2020-2021"
"1343","SAN CUCAO","121","CEDEX ROEA 2020-2021"
"1353","CORIAS","352","CEDEX ROEA 2020-2021"
"1363","VEGA DEL REY","352","CEDEX ROEA 2020-2021"
"1365","MOREDA","334","CEDEX ROEA 2020-2021"
"1369","PARTEAYER","158","CEDEX ROEA 2020-2021"
"1378","GRADO","56","CEDEX ROEA 2020-2021"
"1395","TREVIAS","35","CEDEX ROEA 2020-2021"
"1404","SAN ANTOLIN","262","CEDEX ROEA 2020-2021"
"1414","SUEIRO","32","CEDEX ROEA 2020-2021"
"1424","RIBEIRA DE PIQUIN","241","CEDEX ROEA 2020-2021"
"1427","SAN TIRSO DE ABRES","21","CEDEX ROEA 2020-2021"
"1431","MASMA","46","CEDEX ROEA 2020-2021"
"1433","SAN ACISCLO","32","CEDEX ROEA 2020-2021"
"1438","CHAVIN","15","CEDEX ROEA 2020-2021"
"1441","MORGALLON, O","45","CEDEX ROEA 2020-2021"
"1443","SANTA MARIA DE MERA","21","CEDEX ROEA 2020-2021"
"1464","MUÑIFERAL","242","CEDEX ROEA 2020-2021"
"1485","ANLLONS","17","CEDEX ROEA 2020-2021"
"1512","A PONTE DE TRUEBE","300","CEDEX ROEA 2020-2021"
"1520","CAROLLO","240","CEDEX ROEA 2020-2021"
"1522","VILACIDE DE ARRIBA","228","CEDEX ROEA 2020-2021"
"1540","VIDALOISO (BASTABALES)","123","CEDEX ROEA 2020-2021"
"1542","PUENTE BARAZON","317","CEDEX ROEA 2020-2021"
"1544","A PONTE NOVA","309","CEDEX ROEA 2020-2021"
"1546","PONTE CIRELA","315","CEDEX ROEA 2020-2021"
"1552","PUENTE CIRA","278","CEDEX ROEA 2020-2021"
"1578","COUSO, O","35","CEDEX ROEA 2020-2021"
"1585","PONTECALDELAS","288","CEDEX ROEA 2020-2021"
"1605","PONTEVILAR","398","CEDEX ROEA 2020-2021"
"1619","BEGONTE","395","CEDEX ROEA 2020-2021"
"1620","GONDAY","386","CEDEX ROEA 2020-2021"
"1622","LUGO","378","CEDEX ROEA 2020-2021"
"1624","PARAMO, EL","355","CEDEX ROEA 2020-2021"
"1638","CARBALLINO","378","CEDEX ROEA 2020-2021"
"1647","TUY","10","CEDEX ROEA 2020-2021"
"1659","ARNOYA","80","CEDEX ROEA 2020-2021"
"1715","BOEZA","827","CEDEX ROEA 2020-2021"
"1721","CACABELOS","474","CEDEX ROEA 2020-2021"
"1723","FABERO","644","CEDEX ROEA 2020-2021"
"1725","VEGUELLINA","689","CEDEX ROEA 2020-2021"
"1726","VILLAFRANCA DEL BIERZO","491","CEDEX ROEA 2020-2021"
"1728","REQUEJO","413","CEDEX ROEA 2020-2021"
"1729","OENCIA","575","CEDEX ROEA 2020-2021"
"1734","PUENTE DE DOMINGO FLOREZ","365","CEDEX ROEA 2020-2021"
"1753","PARADA","242","CEDEX ROEA 2020-2021"
"1765","RIVAS ALTAS","305","CEDEX ROEA 2020-2021"
"1823","BOUZA DO VISO","15","CEDEX ROEA 2020-2021"
"1824","GUNTIN","409","CEDEX ROEA 2020-2021"
"1829","PUENTE FREIJO","316","CEDEX ROEA 2020-2021"
"2000","VINUESA","1090","CEDEX ROEA 2020-2021"
"2005","OSMA","890","CEDEX ROEA 2020-2021"
"2012","SEPULVEDA","920","CEDEX ROEA 2020-2021"
"2013","ARANDA DE DUERO","790","CEDEX ROEA 2020-2021"
"2015","HERRERA DE DUERO","690","CEDEX ROEA 2020-2021"
"2016","PAJARES DE PEDRAZA","938","CEDEX ROEA 2020-2021"
"2017","NAVAPALOS","868","CEDEX ROEA 2020-2021"
"2025","VILLANUEVA DE LOS INFANTES","733","CEDEX ROEA 2020-2021"
"2026","ABIA DE LAS TORRES","816","CEDEX ROEA 2020-2021"
"2028","SALAS DE LOS INFANTES","958","CEDEX ROEA 2020-2021"
"2029","CORDOVILLA","740","CEDEX ROEA 2020-2021"
"2030","COVARRUBIAS","881","CEDEX ROEA 2020-2021"
"2031","PERAL DE ARLANZA","770","CEDEX ROEA 2020-2021"
"2036","QUINTANA DEL PUENTE","740","CEDEX ROEA 2020-2021"
"2041","VILLALCAZAR DE SIRGA","795","CEDEX ROEA 2020-2021"
"2043","CABEZON DE PISUERGA","698","CEDEX ROEA 2020-2021"
"2046","AVILA","1066","CEDEX ROEA 2020-2021"
"2047","MEDIANA DE VOLTOYA","1089","CEDEX ROEA 2020-2021"
"2049","CABAÑES DE ESGUEVA","871","CEDEX ROEA 2020-2021"
"2050","SEGOVIA","900","CEDEX ROEA 2020-2021"
"2053","BERNARDOS","782","CEDEX ROEA 2020-2021"
"2054","SAN MIGUEL DEL PINO","670","CEDEX ROEA 2020-2021"
"2055","SAN RAFAEL","1045","CEDEX ROEA 2020-2021"
"2056","VALDESTILLAS","693","CEDEX ROEA 2020-2021"
"2057","VILLOVELA DE PIRON","869","CEDEX ROEA 2020-2021"
"2060","CEBRONES DEL RIO","754","CEDEX ROEA 2020-2021"
"2061","SANTA MARINA DEL REY","835","CEDEX ROEA 2020-2021"
"2062","TORO-DUERO","637","CEDEX ROEA 2020-2021"
"2074","CASTROPEPE","703","CEDEX ROEA 2020-2021"
"2081","PUENTE CONGOSTO","913","CEDEX ROEA 2020-2021"
"2082","MORALES DEL REY","724","CEDEX ROEA 2020-2021"
"2089","MORLA DE LA VALDERIA","965","CEDEX ROEA 2020-2021"
"2095","BRETO","691","CEDEX ROEA 2020-2021"
"2098","VILLAMANIN","1125","CEDEX ROEA 2020-2021"
"2101","MOLINOS DE DUERO","1100","CEDEX ROEA 2020-2021"
"2104","VILLAVERDE DE ARCAYOS","878","CEDEX ROEA 2020-2021"
"2105","SANTERVAS DE CAMPOS","756","CEDEX ROEA 2020-2021"
"2113","STA. EULALIA DE RIONEGRO","820","CEDEX ROEA 2020-2021"
"2114","COCA-VOLTOYA","751","CEDEX ROEA 2020-2021"
"2115","LEON","823","CEDEX ROEA 2020-2021"
"2116","CELADA DEL CAMINO","805","CEDEX ROEA 2020-2021"
"2121","ZAMORA","628","CEDEX ROEA 2020-2021"
"2125","SOTOPALACIOS","850","CEDEX ROEA 2020-2021"
"2126","VILLARDIGA","672","CEDEX ROEA 2020-2021"
"2131","VILLAESCUSA DE LAS TORRES","883","CEDEX ROEA 2020-2021"
"2132","QUINTANILLA DE ONESIMO","721","CEDEX ROEA 2020-2021"
"2138","CASTRO DE LA LOMBA","1015","CEDEX ROEA 2020-2021"
"2139","BURGOS-ARLANZON","852","CEDEX ROEA 2020-2021"
"2141","PINILLA DE LOS MOROS","965","CEDEX ROEA 2020-2021"
"2143","CASTROBOL","743","CEDEX ROEA 2020-2021"
"2144","CERNADILLA (EMBALSE)","895","CEDEX ROEA 2020-2021"
"2145","MANGANESES DE LA POLVOROSA","719","CEDEX ROEA 2020-2021"
"2147","AMBASAGUAS","880","CEDEX ROEA 2020-2021"
"2150","PARDAVE","986","CEDEX ROEA 2020-2021"
"2156","SAN FELIX DE LA VEGA","804","CEDEX ROEA 2020-2021"
"2163","ALMAZAN","935","CEDEX ROEA 2020-2021"
"2711","BENAMARIEL-2","757","CEDEX ROEA 2020-2021"
"2712","ALCONADA","830","CEDEX ROEA 2020-2021"
"2713","SANTIAGO DE LA VALDUERNA","786","CEDEX ROEA 2020-2021"
"2714","LASTRAS DE CUELLAR","838","CEDEX ROEA 2020-2021"
"2716","CAMARZANA-REGATO","730","CEDEX ROEA 2020-2021"
"2717","VILLAVEZA DE VALVERDE","710","CEDEX ROEA 2020-2021"
"2818","RABAL","366","CEDEX ROEA 2020-2021"
"3001","PERALEJOS DE LAS TRUCHAS","1143","CEDEX ROEA 2020-2021"
"3005","TRILLO","720","CEDEX ROEA 2020-2021"
"3012","PORTUSA, LA","430","CEDEX ROEA 2020-2021"
"3014","PUENTE ALGODOR","462","CEDEX ROEA 2020-2021"
"3030","VENTOSA","1016","CEDEX ROEA 2020-2021"
"3040","SANTA MARIA DEL VAL","1175","CEDEX ROEA 2020-2021"
"3045","PRIEGO (ESCABAS)","818","CEDEX ROEA 2020-2021"
"3049","MATALLANA","940","CEDEX ROEA 2020-2021"
"3051","ALGETE","585","CEDEX ROEA 2020-2021"
"3052","MEJORADA DEL CAMPO","550","CEDEX ROEA 2020-2021"
"3062","ESPINILLOS","565","CEDEX ROEA 2020-2021"
"3100","VILLALBA","850","CEDEX ROEA 2020-2021"
"3103","BATRES","542","CEDEX ROEA 2020-2021"
"3144","VILLAR, EL","352","CEDEX ROEA 2020-2021"
"3146","TORNO, EL","380","CEDEX ROEA 2020-2021"
"3161","ARENAS DE SAN PEDRO","367","CEDEX ROEA 2020-2021"
"3163","PIEDRAS ALBAS","172","CEDEX ROEA 2020-2021"
"3165","VALVERDE DE LOS ARROYOS","1062","CEDEX ROEA 2020-2021"
"3168","MONROY","315","CEDEX ROEA 2020-2021"
"3169","MEMBRIO","149","CEDEX ROEA 2020-2021"
"3174","PUENTE TITULCIA","498","CEDEX ROEA 2020-2021"
"3175","ARANJUEZ (P.LARGO)","491","CEDEX ROEA 2020-2021"
"3180","SAN MARTIN DE VALDEIGLESIAS","580","CEDEX ROEA 2020-2021"
"3182","GARCIBUEY","520","CEDEX ROEA 2020-2021"
"3184","BAZAGONA, LA","230","CEDEX ROEA 2020-2021"
"3186","PRIEGO-TRABAQUE","798","CEDEX ROEA 2020-2021"
"3193","TOROTE","579","CEDEX ROEA 2020-2021"
"3198","VILLAMANTILLA","497","CEDEX ROEA 2020-2021"
"3200","SOTOSERRANO","405","CEDEX ROEA 2020-2021"
"3211","VILLAREJO DE MONTALBAN","509","CEDEX ROEA 2020-2021"
"3212","MALPICA","388","CEDEX ROEA 2020-2021"
"3213","ALCAUDETE DE LA JARA","425","CEDEX ROEA 2020-2021"
"3217","HORCAJO DE MONTEMAYOR","717","CEDEX ROEA 2020-2021"
"3218","MIRANDA DEL CASTAÑAR","509","CEDEX ROEA 2020-2021"
"3220","SANTA MARTA DE MAGASCA","270","CEDEX ROEA 2020-2021"
"3221","BOHONAL DE IBOR","319","CEDEX ROEA 2020-2021"
"3222","PERALEDA DE SAN ROMAN","330","CEDEX ROEA 2020-2021"
"3231","NAVALUENGA","753","CEDEX ROEA 2020-2021"
"3234","JARAIZ DE LA VERA","260","CEDEX ROEA 2020-2021"
"3235","NUÑOMORAL","411","CEDEX ROEA 2020-2021"
"3242","CASAR DE PALOMERO","398","CEDEX ROEA 2020-2021"
"3244","CAMPILLO DE DELEITOSA","305","CEDEX ROEA 2020-2021"
"3246","AYUELA","335","CEDEX ROEA 2020-2021"
"3250","TRUJILLO","395","CEDEX ROEA 2020-2021"
"3253","ALCANTARA","152","CEDEX ROEA 2020-2021"
"3256","ALDEANUEVA DE BARBARROYA","385","CEDEX ROEA 2020-2021"
"3261","MAJADA","264","CEDEX ROEA 2020-2021"
"3268","TARAVILLAS","1107","CEDEX ROEA 2020-2021"
"3269","CERECEDA","720","CEDEX ROEA 2020-2021"
"3276","TORREJON","220","CEDEX ROEA 2020-2021"
"3278","VALENCIA DE ALCANTARA","313","CEDEX ROEA 2020-2021"
"3279","TRUJILLO","372","CEDEX ROEA 2020-2021"
"4255","BADAJOZ","167","CEDEX ROEA 2020-2021"
"5045","LOJA","443","CEDEX ROEA 2020-2021"
"5050","GÜEJAR-SIERRA","970","CEDEX ROEA 2020-2021"
"5056","GERENA","52","CEDEX ROEA 2020-2021"
"5083","PUENTE NUEVO","380","CEDEX ROEA 2020-2021"
"5107","MARMOLEJO","189","CEDEX ROEA 2020-2021"
"5123","MADREFUENTES","62","CEDEX ROEA 2020-2021"
"5136","SANTO TOME","418","CEDEX ROEA 2020-2021"
"5138","PUERTOLLANO","644","CEDEX ROEA 2020-2021"
"5141","MONTORO","156","CEDEX ROEA 2020-2021"
"5142","PORCUNA","229","CEDEX ROEA 2020-2021"
"5145","PEDROSO, EL","291","CEDEX ROEA 2020-2021"
"8018","ZAGRA","540","CEDEX ROEA 2020-2021"
"8028","VILLALBA ALTA","1060","CEDEX ROEA 2020-2021"
"8029","MONTABERNER","162","CEDEX ROEA 2020-2021"
"8060","REQUENA","650","CEDEX ROEA 2020-2021"
"8087","BELMONTEJO","830","CEDEX ROEA 2020-2021"
"8090","PAJARONCILLO","940","CEDEX ROEA 2020-2021"
"8091","CASTELLAR","817","CEDEX ROEA 2020-2021"
"8103","TORREALTA","730","CEDEX ROEA 2020-2021"
"8104","LOS SANTOS","750","CEDEX ROEA 2020-2021"
"8118","VALVERDE DE JUCAR","820","CEDEX ROEA 2020-2021"
"8120","CALLES","350","CEDEX ROEA 2020-2021"
"8126","VENTA DE JUAN ROMERO","1170","CEDEX ROEA 2020-2021"
"8134","ARENOS ENTRADA E. (C.E. LOS CANTOS)","602","CEDEX ROEA 2020-2021"
"8149","GEA DE ALBARRACIN","993","CEDEX ROEA 2020-2021"
"9002","CASTEJON","265","CEDEX ROEA 2020-2021"
"9003","ANDOSILLA","304","CEDEX ROEA 2020-2021"
"9004","FUNES","284","CEDEX ROEA 2020-2021"
"9011","ZARAGOZA","201","CEDEX ROEA 2020-2021"
"9020","PUIGCERDA","1189","CEDEX ROEA 2020-2021"
"9021","PUIGCERDA","1120","CEDEX ROEA 2020-2021"
"9023","SEO DE URGEL","670","CEDEX ROEA 2020-2021"
"9030","SANTOLEA","584","CEDEX ROEA 2020-2021"
"9033","PERALTA DE ALCOFEA","310","CEDEX ROEA 2020-2021"
"9038","TORREMONTALVO","420","CEDEX ROEA 2020-2021"
"9040","BOLTAÑA","680","CEDEX ROEA 2020-2021"
"9041","NAVARRETE DEL RIO","904","CEDEX ROEA 2020-2021"
"9044","YANGUAS","940","CEDEX ROEA 2020-2021"
"9051","ESCALONA","530","CEDEX ROEA 2020-2021"
"9061","JAVIERREGAY","630","CEDEX ROEA 2020-2021"
"9062","BINIES","650","CEDEX ROEA 2020-2021"
"9063","SIGÜES","595","CEDEX ROEA 2020-2021"
"9064","ASPURZ","547","CEDEX ROEA 2020-2021"
"9067","OLAVE","465","CEDEX ROEA 2020-2021"
"9068","ASIAIN","390","CEDEX ROEA 2020-2021"
"9069","ECHAURI","376","CEDEX ROEA 2020-2021"
"9070","ERAUL","946","CEDEX ROEA 2020-2021"
"9071","ESTELLA","425","CEDEX ROEA 2020-2021"
"9073","SANGÜESA","393","CEDEX ROEA 2020-2021"
"9074","ARCE","455","CEDEX ROEA 2020-2021"
"9075","BERANTEVILLA","453","CEDEX ROEA 2020-2021"
"9079","URROZ","483","CEDEX ROEA 2020-2021"
"9088","PITARQUE","990","CEDEX ROEA 2020-2021"
"9089","ZARAGOZA","194","CEDEX ROEA 2020-2021"
"9092","TRESPADERNE","540","CEDEX ROEA 2020-2021"
"9093","OÑA","570","CEDEX ROEA 2020-2021"
"9095","BARBASTRO","320","CEDEX ROEA 2020-2021"
"9120","MENDAVIA","325","CEDEX ROEA 2020-2021"
"9139","IGEA","540","CEDEX ROEA 2020-2021"
"9158","SAN MIGUEL DE PEDROSO","810","CEDEX ROEA 2020-2021"
"9159","HUARTE","455","CEDEX ROEA 2020-2021"
"9165","MIRANDA DE EBRO","460","CEDEX ROEA 2020-2021"
"9166","VIRUES","532","CEDEX ROEA 2020-2021"
"9170","YESA C.E.","497","CEDEX ROEA 2020-2021"
"9177","BATEA","219","CEDEX ROEA 2020-2021"
"9184","ATECA","582","CEDEX ROEA 2020-2021"
"9187","ERLA","424","CEDEX ROEA 2020-2021"
"9188","BERGUENDA","483","CEDEX ROEA 2020-2021"
"9189","ORON","480","CEDEX ROEA 2020-2021"
"9197","LEZA DE RIO LEZA","517","CEDEX ROEA 2020-2021"
"9203","REINOSA","840","CEDEX ROEA 2020-2021"
"9215","CERVERUELA","814","CEDEX ROEA 2020-2021"
"9252","ESCALO","860","CEDEX ROEA 2020-2021"
"9254","MEDINA DE POMAR","585","CEDEX ROEA 2020-2021"
"9256","ISOBOL","1030","CEDEX ROEA 2020-2021"
"9261","TRASOBARES","637","CEDEX ROEA 2020-2021"
"9263","GELSA","150","CEDEX ROEA 2020-2021"
"9265","TIRVIA","830","CEDEX ROEA 2020-2021"
"9270","PAMPLONA","410","CEDEX ROEA 2020-2021"
"9271","CANFRANC ANTIGUO","1040","CEDEX ROEA 2020-2021"
"9279","VALDELATEJA","800","CEDEX ROEA 2020-2021"
"9281","HARO","458","CEDEX ROEA 2020-2021"
"9282","MARTES","554","CEDEX ROEA 2020-2021"
"9283","VILLARCAYO","597","CEDEX ROEA 2020-2021"
"9284","TUDELA","252","CEDEX ROEA 2020-2021"
"9287","BIJUESCA","914","CEDEX ROEA 2020-2021"
"9291","LUNA","402","CEDEX ROEA 2020-2021"
"9317","VITORIA-ABETXUKO","504","CEDEX ROEA 2020-2021"
"9321","ETXARREN","435","CEDEX ROEA 2020-2021"
"9322","IRURTZUN","417","CEDEX ROEA 2020-2021"
"9323","PAMPLONA","392","CEDEX ROEA 2020-2021"
"9324","ARAZURI","809","CEDEX ROEA 2020-2021"
"9327","OLITE","520","CEDEX ROEA 2020-2021"
"9328","ARQUIJAS","461","CEDEX ROEA 2020-2021"
