basin_id,gauge_id,gauge_name,gauge_code
PT000001,03J/02H,ABELHEIRA CANAL (R.E.),1627743350
PT000002,15G/02H,AGROAL,1627743380
PT000003,11H/02H,AGUIEIRA (R.E.),1627743382
PT000004,26J/01H,ALBERNOA,1627743392
PT000005,11H/01H,ALMAÇA,1627743408
PT000006,17G/02H,ALMOUROL,1627743414
PT000007,15K/01H,ALMOURÃO,1627743412
PT000008,31E/01HA,ALMÁDENA,10703807198
PT000009,03J/01H,ALTO CÁVADO DERIVAÇÃO (R.E.),1627743424
PT000010,03J/06H,ALTO CÁVADO TOTAL (R.E.),1627743420
PT000011,31K/01HA,AMARO GONÇALVES,10703807202
PT000012,02I/01H,AMEIJOEIRA,1627743448
PT000013,24L/01H,AMIEIRA,1627743450
PT000014,25M/01H,ARDILA (FOZ),1627743462
PT000015,30G/01HA,ARROCHELA,10703807210
PT000016,03D/01H,ASPRA,1627743470
PT000017,30L/04H,ATALISCA,1627743474
PT000018,05Q/01H,AZIBO (R.E.),1627743480
PT000019,05E/02A,AÇUDE DE TOUGUES,1627743376
PT000020,15E/05A,AÇUDE DO ARRABALDE,1627743360
PT000021,06G/01H,BALSA,1627743490
PT000022,04F/02H,BARCELOS,1627743502
PT000023,02H/02H,BARRAGEM DO LINDOSO,1627743524
PT000024,31E/02HA,BARÃO DE SÃO JOÃO,10703807506
PT000025,30L/01H,BELICHE (POVOAÇÃO),1627743542
PT000026,31E/01H,BENSAFRIM,1627743552
PT000027,31K/03H,BODEGA,1627743556
PT000028,03L/01H,BOTICAS (R.E.),1627743558
PT000029,30E/02H,BRAVURA,1627743566
PT000030,17F/01H,C.N.F.T - TORRES NOVAS,1627743576
PT000031,20I/03H,CABEÇÃO,1627743580
PT000032,04J/02H,CABREIRA DERIVAÇÃO (R.E.),1627743582
PT000033,04J/07H,CABREIRA TOTAL (R.E.),1627743584
PT000034,09I/05H,CABRIA (R.E.),1695334936
PT000035,07I/04H,CABRIZ (R.E.),1627743590
PT000036,07I/01H,CABRUM (R.E.),1627743616
PT000037,10J/01H,CALDAS DE SÃO GEMIL,1627743658
PT000038,10M/06H,CALDEIRÃO (R.E.),1627743660
PT000039,19F/01H,CALHA DO GROU,1627743664
PT000040,30G/07H,CASA QUEIMADA,1627743698
PT000041,06M/05H,CASTANHEIRO,1627743784
PT000042,06M/01H,CASTANHEIRO (R.E.),1627743730
PT000043,10P/01H,CASTELO BOM (R.E.),1627743970
PT000044,08J/01H,CASTRO DAIRE (R.E.),1627744152
PT000045,09M/01H,CELORICO DA BEIRA,1627744494
PT000046,30E/01H,CERCA DOS POMARES,1627744712
PT000047,08O/02H,CIDADELHE (R.E.),1627745200
PT000048,31J/01H,COIRO DA BURRA,1627751868
PT000049,21A/05H,COLARES,1627751870
PT000050,31H/01H,COTOVIO,1627751884
PT000051,18L/01H,COUTO DE ANDREIROS,1627751886
PT000052,03H/04H,COVAS (R.E.),1627751894
PT000053,04J/04H,CUNHAS (R.E.),1627751922
PT000054,03L/02H,CURALHA (R.E.),1627751948
PT000055,30L/02H,CURRAL DE BOIEIROS,1627751978
PT000056,27I/01H,ENTRADAS,1627752142
PT000057,06K/01H,ERMIDA CORGO (R.E.),1627752254
PT000058,08P/03H,ESCALHÃO,1627752390
PT000059,08P/01H,ESCALHÃO (R.E.),1627752346
PT000060,08Q/01H,ESCARIGO TOURÕES (R.E.),1627752468
PT000061,31K/02HA,ESPARTOSA,10703807560
PT000062,21B/02H,ESTAÇÃO AGRONÓMICA NACIONAL,1627753084
PT000063,11I/01H,FERREIRÓS (R.E.),1627758610
PT000064,16D/01H,FERVENÇA,1627758614
PT000065,06G/04H,FERVENÇA (LEÇA),1627758612
PT000066,19K/01H,FIGUEIRA E BARROS,1627758616
PT000067,23I/01H,FLOR DA ROSA,1627758620
PT000068,04E/06H,FORJÃES,1627758626
PT000069,03F/01H,FORNO DA CAL,1627758628
PT000070,15K/02H,FOZ DO COBRÃO (R.E.),1695334942
PT000071,01G/03H,FOZ DO MOURO,1627758640
PT000072,01G/02H,FOZ DO MOURO (R.E.),1627758638
PT000073,30H/02H,FOZ DO RIBEIRO,1627758642
PT000074,07F/03H,FOZ DO SOUSA,1627758648
PT000075,08H/04H,FRAGAS DA TORRE,1627758656
PT000076,08H/02H,FRAGAS DA TORRE (R.E.),1627758654
PT000077,06I/03H,FRIDÃO (R.E.),1627758664
PT000078,12I/01H,FRONHAS (R.E.),1627758666
PT000079,16G/01H,FÁBRICA DA MATRENA,1627758606
PT000080,13H/01H,FÁBRICA DO BOQUE (SERPINS),1627758604
PT000081,17C/05H,GAEIRAS (R.E.),1627758674
PT000082,04H/01H,GARFE,1627758680
PT000083,03Q/01H,GIMONDE (R.E.),1627758684
PT000084,22G/02H,HERDADE DE PANCAS,1627758692
PT000085,21A/02H,JUNÇÃO DAS RIBEIRAS (EX. QUINTA DO PISÃO),1627759318
PT000086,10M/04H,LAGEOSA DO MONDEGO,1627758734
PT000087,31K/03HA,LARANJEIRAS,10703807588
PT000088,21B/03H,LAVEIRAS,1627758740
PT000089,27L/04H,LIMAS,1627758746
PT000090,13H/03H,LOUÇAINHA,1627758748
PT000091,09J/01H,LUSTOSA DA RIBAFEITA,1627758754
PT000092,31K/04HA,LUZ TAVIRA,10703807596
PT000093,11L/01H,MANTEIGAS (R.E.),1627758758
PT000094,21B/01H,MERCÊS,1627758778
PT000095,25G/03H,MOINHO DA GAMITINHA,1627758798
PT000096,07L/01H,MOINHO DA PONTE NOVA (R.E.),1627758806
PT000097,25G/02H,MOINHO DO BRAVO,1627758790
PT000098,18I/01H,MOINHO NOVO,1627758804
PT000099,10K/04H,MOINHOS DE PEPIM,1627758812
PT000100,19M/01H,MONFORTE,1627758814
PT000101,26K/01H,MONTE DA ARREGOTA,1627758818
PT000102,27J/01H,MONTE DA PONTE,1627758840
PT000103,21O/01H,MONTE DA VINHA,1627758852
PT000104,29L/01H,MONTE DOS FORTES,1627758828
PT000105,30G/01H,MONTE DOS PACHECOS,1627758836
PT000106,19N/01H,MONTE PISÃO,1627758838
PT000107,14D/03H,MONTE REAL,1627758842
PT000108,05M/01H,MURÇA (R.E.),1627758868
PT000109,10K/03H,NELAS (R.E.),1627758878
PT000110,29E/01H,ODECEIXE,1627758892
PT000111,30M/01H,ODELEITE (PONTE),1627758900
PT000112,30E/05H,ODEÁXERE (GORDEIRO),1627758890
PT000113,24I/01H,ODIVELAS,1627758910
PT000114,28K/02H,OEIRAS,1627758912
PT000115,30H/01HA,PADERNE,10703807612
PT000116,04G/04H,PADIM DA GRAÇA,1627758918
PT000117,11M/01H,PAI DIZ (R.E.),1627758920
PT000118,04K/01H,PARADA MONTEIROS (R.E.),1627758926
PT000119,20I/04H,PAVIA,1627758938
PT000120,09H/01H,PEDRE RIBEIRADIO,1627758940
PT000121,28G/02H,PEGO DAS CARRETAS,1627758946
PT000122,19C/01H,PENEDOS DE ALENQUER,1627758950
PT000123,06G/03H,PEREIRAS,1627758960
PT000124,17F/05H,PERNES CANAL,1627758964
PT000125,07O/01H,POCINHO,1627758974
PT000126,22C/02H,PONTE AIANA,1627758990
PT000127,19C/03H,PONTE ALENQUER,1627758992
PT000128,19N/02H,PONTE ALGALÉ,1627758994
PT000129,26G/04H,PONTE ALVALADE CAMPILHAS,1627758996
PT000130,26G/05H,PONTE ALVALADE SADO,1627758998
PT000131,22C/01H,PONTE APOSTIÇA,1627759002
PT000132,10G/01H,PONTE ARRANCADA,1627759004
PT000133,05E/03H,PONTE AVE,1627759006
PT000134,12E/01H,PONTE AZENHA NOVA,1627759008
PT000135,18E/06H,PONTE BARBANCHO,1627759014
PT000136,19C/02H,PONTE BARNABÉ,1627759018
PT000137,05G/01H,PONTE BRANDÃO,1627759026
PT000138,20H/02H,PONTE BROTAS,1627759028
PT000139,12G/02H,PONTE CABOUCO,1627759030
PT000140,20C/01H,PONTE CANAS,1627759042
PT000141,06I/02H,PONTE CANAVEZES (R.E.),1627759044
PT000142,21F/01H,PONTE CANHA,1627759046
PT000143,13E/04H,PONTE CASAL DA ROLA,1627759052
PT000144,02P/01H,PONTE CASTRELOS,1627759058
PT000145,13F/02H,PONTE CASÉVEL,1627759056
PT000146,04J/05H,PONTE CAVEZ (R.E.),1627759060
PT000147,12J/01H,PONTE COJA,1627759066
PT000148,12G/08H,PONTE CONRARIA,1627759068
PT000149,20F/02H,PONTE CORUCHE,1627759070
PT000150,19D/05H,PONTE COURAÇA,1627759072
PT000151,03G/02H,PONTE DA BARCA,1627759016
PT000152,30I/03HA,PONTE DA SALGADA,10708451546
PT000153,30F/01HA,PONTE DA TORRE,10708451550
PT000154,03F/02H,PONTE DE LIMA,1627759116
PT000155,11I/07H,PONTE DINHA,1627759076
PT000156,10K/06H,PONTE DOBREIRA,1627759078
PT000157,31K/05HA,PONTE E.N. 125,10708451554
PT000158,05J/01H,PONTE ERMELO,1627759080
PT000159,20G/01H,PONTE ERRA,1627759082
PT000160,10N/01H,PONTE FAIA,1627759086
PT000161,09O/02H,PONTE FIGUEIRA (R.E.),1627759092
PT000162,18E/01H,PONTE FREIRIA,1627759096
PT000163,04O/02H,PONTE GUIDE,1627759102
PT000164,13I/01H,PONTE GÓIS,1627759098
PT000165,10L/01H,PONTE JUNCAIS,1627759108
PT000166,05E/01H,PONTE JUNQUEIRA,1627759110
PT000167,21B/05H,PONTE LIDO (AMADORA),1627759112
PT000168,04N/02H,PONTE LILELA,1627759114
PT000169,30G/08H,PONTE MESQUITA,1627759126
PT000170,15E/03H,PONTE MESTRAS,1627759128
PT000171,09F/01H,PONTE MINHOTEIRA,1627759130
PT000172,21B/06H,PONTE MIRAFLORES,1627759132
PT000173,10M/05H,PONTE MISERELA,1627759134
PT000174,13F/04H,PONTE MOCATE,1627759136
PT000175,23M/01H,PONTE MOURÃO,1627759140
PT000176,12H/03H,PONTE MUCELA,1627759142
PT000177,17F/02H,PONTE NOVA,1627759148
PT000178,19D/04H,PONTE OTA,1627759154
PT000179,17L/01H,PONTE PANASCO,1627759156
PT000180,04O/01H,PONTE PEDRA,1627759158
PT000181,30E/04H,PONTE PEREIRO,1627759164
PT000182,04R/01H,PONTE PINELO (R.E.),1627759168
PT000183,21C/01H,PONTE PINHAL,1627759170
PT000184,21A/03H,PONTE PISÃO,1627759174
PT000185,22G/01H,PONTE POMAR,1627759174
PT000186,09I/03H,PONTE POUVES,1627759180
PT000187,10K/05H,PONTE PRIME,1627759186
PT000188,12F/01H,PONTE QUINTA LOUREIRA,1627759192
PT000189,26L/01H,PONTE QUINTOS,1627759194
PT000190,02Q/01H,PONTE RABAL (OLEIRINHOS),1627759196
PT000191,10G/05H,PONTE REDONDA,1627759198
PT000192,05Q/02H,PONTE REMONDES (R.E.),1627759200
PT000193,10F/02H,PONTE REQUEIXO (CÉRTIMA E ÁGUEDA),1627759206
PT000194,21C/02H,PONTE RESINGA,1627759208
PT000195,30I/02HA,PONTE RIBEIRA DO RIO SECO,10708451558
PT000196,17F/03H,PONTE RIBEIRA PERNES,1627759212
PT000197,31H/02H,PONTE RODOVIÁRIA,1627759218
PT000198,13F/01H,PONTE RÓDÃO,1627759216
PT000199,12G/04H,PONTE SANTA CLARA COIMBRA,1627759222
PT000200,10K/01H,PONTE SANTA CLARA DÃO,1627759224
PT000201,20E/02H,PONTE SANTO ESTEVÃO,1627759236
PT000202,26F/02H,PONTE SÃO DOMINGOS,1627759238
PT000203,11I/06H,PONTE TÁBUA,1627759240
PT000204,25G/04H,PONTE VALE JOANA,1627759244
PT000205,09G/01H,PONTE VALE MAIOR,1627759246
PT000206,04N/01H,PONTE VALE TELHAS,1627759248
PT000207,06P/01H,PONTE VELHA CAPITÃO,1627759252
PT000208,18K/01H,PONTE VILA FORMOSA,1627759256
PT000209,04O/03H,PONTE VILAR (R.E.),1627759258
PT000210,09I/02H,PONTE VOUZELA,1627759262
PT000211,10G/02H,PONTE ÁGUEDA,1627758988
PT000212,17C/04H,PONTE ÓBIDOS,1627759152
PT000213,02G/01H,PONTILHÃO DE CELEIROS,1627759266
PT000214,09I/04H,PONTÃO DE AVELAL,1627758982
PT000215,31E/03HA,PORTELAS (BENSAFRIM),10708451566
PT000216,31E/04HA,PORTELAS (VALA),10708451570
PT000217,04G/05H,PORTUZELO,1627759288
PT000218,27L/01H,PULO DO LOBO,1627759300
PT000219,30H/02HA,PURGATÓRIO,10708451578
PT000220,30J/01HA,QUERENÇA,10708451582
PT000221,11H/04H,QUINTA CARVALHAL DO FREIXO,1627759308
PT000222,07L/03H,QUINTA CASTELO BORGES,1627759310
PT000223,21A/04H,QUINTA DAS CAMILAS,1627759304
PT000224,06K/02H,QUINTA DAS GREGOSSAS,1627759312
PT000225,06O/03H,QUINTA DAS LARANJEIRAS (R.E.),1627759314
PT000226,30I/04HA,QUINTA DO FREIXO,10708451590
PT000227,30I/05HA,QUINTA PASSAGEM,10708451594
PT000228,08L/01H,QUINTA RAPE (R.E.),1627759320
PT000229,03G/03H,RABAÇAL (R.E.),1627759326
PT000230,17M/01H,RASA,1627759332
PT000231,04G/06H,REAL,1627759336
PT000232,03N/01H,REBORDELO (R.E.),1627759338
PT000233,09J/02H,RIBAFEITA (R.E.),1627759344
PT000234,09H/03H,RIBEIRADA,1627759350
PT000235,10G/03H,RIBEIRO,1627759352
PT000236,17D/01H,RIO MAIOR (R.E.),1627759354
PT000237,07G/03H,RIO MAU (R.E.),1627759356
PT000238,31J/01HA,RIO SECO,10708451614
PT000239,27L/03H,ROCHA DA GALÉ (R.E.),1627759364
PT000240,31H/01HA,ROTUNDA A2,10708451624
PT000241,07K/01H,RÉGUA (R.E.),1627759342
PT000242,06O/05H,SANTA JUSTA,1627759388
PT000243,05K/01H,SANTA MARTA DO ALVÃO (R.E.),1627759398
PT000244,29G/01H,SAPEIRA,1627759412
PT000245,31E/05HA,SARGAÇAL,10708451652
PT000246,07L/02H,SARZEDINHO,1627759414
PT000247,12I/02H,SECARIAS (R.E.),1627759416
PT000248,15P/01H,SEGURA (R.E.),1627759420
PT000249,05S/02H,SENDIM (R.E.),1627759424
PT000250,21B/04H,SENHORA DA ROCHA,1627759426
PT000251,06O/06H,SENHORA DA ROSA,1627759428
PT000252,30F/02HA,SENHORA VERDE,10708451674
PT000253,11I/08H,SOBRAL (R.E.),1627759442
PT000254,31E/06HA,SOBROSA,10708451690
PT000255,24H/01H,SÃO DOMINGOS (ALGALÉ),1627759400
PT000256,31I/01HA,SÍTIO IGREJA,10708451684
PT000257,29M/01H,TENÊNCIA (PORTO DAS AREIAS),1627759458
PT000258,02H/01H,TIBO DA GAVIEIRA,1627759460
PT000259,03I/01H,TOCO DERIVAÇÃO (R.E.),1627759464
PT000260,03I/03H,TOCO TOTAL (R.E.),1627759462
PT000261,12G/07H,TORRES DO MONDEGO,1627759472
PT000262,24H/03H,TORRÃO DO ALENTEJO,1627759470
PT000263,17H/02H,TRAMAGAL,1627759478
PT000264,24H/02H,VALE DA URSA,1627759506
PT000265,03K/01H,VALE GIESTOSO (R.E.),1627759494
PT000266,06L/02H,VALE MENDIZ,1627759496
PT000267,08O/01H,VALE TREVO (R.E.),1627759504
PT000268,28L/02H,VASCÃO,1627759514
PT000269,23K/01H,VENDINHA,1627759526
PT000270,10M/03H,VIDEMONTE (R.E.),1627759528
PT000271,30F/02H,VIDIGAL,1627759530
PT000272,09L/01H,VILA COVA DO COVELO,1627759538
PT000273,10L/02H,VILA FRANCA DA SERRA,1627759540
PT000274,11G/01H,VILA NOVA DE MONSARROS,1627759546
PT000275,16K/01H,VILA VELHA DE RODÃO,1627759548
PT000276,08L/02H,VILAR,1627759550
PT000277,03P/01H,VINHAIS QUINTA RANCA (R.E.),1627759566
PT000278,31K/06HA,VÁRZEAS,10708452018
PT000279,17C/03H,ÓBIDOS,1627758888
PT000280,18E/04H,ÓMNIAS (SANTARÉM),1627758916
